Driver,LapNumber,LapTime,Compound,TyreLife
LEC,1.0,2456.33,MEDIUM,1.0
LEC,3.0,84.624,HARD,2.0
LEC,4.0,82.625,HARD,3.0
LEC,5.0,81.795,HARD,4.0
LEC,6.0,81.145,HARD,5.0
LEC,7.0,80.98,HARD,6.0
LEC,8.0,81.03,HARD,7.0
LEC,9.0,80.114,HARD,8.0
LEC,10.0,80.775,HARD,9.0
LEC,11.0,81.046,HARD,10.0
LEC,12.0,80.252,HARD,11.0
LEC,13.0,79.017,HARD,12.0
LEC,14.0,79.913,HARD,13.0
LEC,15.0,79.838,HARD,14.0
LEC,16.0,80.156,HARD,15.0
LEC,17.0,80.279,HARD,16.0
LEC,18.0,79.58,HARD,17.0
LEC,19.0,78.842,HARD,18.0
LEC,20.0,78.724,HARD,19.0
LEC,21.0,78.472,HARD,20.0
LEC,22.0,78.62,HARD,21.0
LEC,23.0,78.458,HARD,22.0
LEC,24.0,78.725,HARD,23.0
LEC,25.0,78.973,HARD,24.0
LEC,26.0,78.445,HARD,25.0
LEC,27.0,78.351,HARD,26.0
LEC,28.0,78.71,HARD,27.0
LEC,29.0,79.053,HARD,28.0
LEC,30.0,79.935,HARD,29.0
LEC,31.0,78.393,HARD,30.0
LEC,32.0,79.125,HARD,31.0
LEC,33.0,78.494,HARD,32.0
LEC,34.0,79.319,HARD,33.0
LEC,35.0,78.53,HARD,34.0
LEC,36.0,78.689,HARD,35.0
LEC,37.0,78.925,HARD,36.0
LEC,38.0,78.528,HARD,37.0
LEC,39.0,78.181,HARD,38.0
LEC,40.0,78.733,HARD,39.0
LEC,41.0,78.694,HARD,40.0
LEC,42.0,79.277,HARD,41.0
LEC,43.0,77.865,HARD,42.0
LEC,44.0,78.276,HARD,43.0
LEC,45.0,78.541,HARD,44.0
LEC,46.0,78.567,HARD,45.0
LEC,47.0,79.185,HARD,46.0
LEC,48.0,77.941,HARD,47.0
LEC,49.0,78.506,HARD,48.0
LEC,50.0,78.185,HARD,49.0
LEC,51.0,77.79,HARD,50.0
LEC,52.0,78.311,HARD,51.0
LEC,53.0,77.748,HARD,52.0
LEC,54.0,77.357,HARD,53.0
LEC,55.0,77.444,HARD,54.0
LEC,56.0,77.266,HARD,55.0
LEC,57.0,77.64,HARD,56.0
LEC,58.0,77.028,HARD,57.0
LEC,59.0,77.034,HARD,58.0
LEC,60.0,76.414,HARD,59.0
LEC,61.0,76.863,HARD,60.0
LEC,62.0,77.454,HARD,61.0
LEC,63.0,76.971,HARD,62.0
LEC,64.0,76.56,HARD,63.0
LEC,65.0,76.607,HARD,64.0
LEC,66.0,76.489,HARD,65.0
LEC,67.0,75.941,HARD,66.0
LEC,68.0,76.082,HARD,67.0
LEC,69.0,76.373,HARD,68.0
LEC,70.0,75.767,HARD,69.0
LEC,71.0,75.162,HARD,70.0
LEC,72.0,75.547,HARD,71.0
LEC,73.0,76.219,HARD,72.0
LEC,74.0,76.105,HARD,73.0
LEC,75.0,76.387,HARD,74.0
LEC,76.0,76.808,HARD,75.0
LEC,77.0,76.933,HARD,76.0
LEC,78.0,78.636,HARD,77.0
PIA,1.0,2458.744,MEDIUM,2.0
PIA,3.0,84.953,HARD,3.0
PIA,4.0,82.314,HARD,4.0
PIA,5.0,82.019,HARD,5.0
PIA,6.0,81.354,HARD,6.0
PIA,7.0,80.808,HARD,7.0
PIA,8.0,81.058,HARD,8.0
PIA,9.0,79.906,HARD,9.0
PIA,10.0,80.89,HARD,10.0
PIA,11.0,80.898,HARD,11.0
PIA,12.0,80.135,HARD,12.0
PIA,13.0,78.745,HARD,13.0
PIA,14.0,80.014,HARD,14.0
PIA,15.0,80.264,HARD,15.0
PIA,16.0,79.829,HARD,16.0
PIA,17.0,80.028,HARD,17.0
PIA,18.0,79.832,HARD,18.0
PIA,19.0,79.179,HARD,19.0
PIA,20.0,79.055,HARD,20.0
PIA,21.0,78.601,HARD,21.0
PIA,22.0,78.585,HARD,22.0
PIA,23.0,78.658,HARD,23.0
PIA,24.0,78.636,HARD,24.0
PIA,25.0,78.784,HARD,25.0
PIA,26.0,78.44,HARD,26.0
PIA,27.0,78.523,HARD,27.0
PIA,28.0,78.791,HARD,28.0
PIA,29.0,79.01,HARD,29.0
PIA,30.0,79.396,HARD,30.0
PIA,31.0,78.449,HARD,31.0
PIA,32.0,78.969,HARD,32.0
PIA,33.0,79.06,HARD,33.0
PIA,34.0,78.978,HARD,34.0
PIA,35.0,78.605,HARD,35.0
PIA,36.0,78.882,HARD,36.0
PIA,37.0,78.612,HARD,37.0
PIA,38.0,78.731,HARD,38.0
PIA,39.0,78.362,HARD,39.0
PIA,40.0,78.951,HARD,40.0
PIA,41.0,78.846,HARD,41.0
PIA,42.0,79.795,HARD,42.0
PIA,43.0,78.198,HARD,43.0
PIA,44.0,78.277,HARD,44.0
PIA,45.0,78.082,HARD,45.0
PIA,46.0,78.623,HARD,46.0
PIA,47.0,78.399,HARD,47.0
PIA,48.0,78.395,HARD,48.0
PIA,49.0,78.136,HARD,49.0
PIA,50.0,78.35,HARD,50.0
PIA,51.0,77.909,HARD,51.0
PIA,52.0,78.214,HARD,52.0
PIA,53.0,77.609,HARD,53.0
PIA,54.0,77.362,HARD,54.0
PIA,55.0,77.445,HARD,55.0
PIA,56.0,77.456,HARD,56.0
PIA,57.0,77.3,HARD,57.0
PIA,58.0,77.344,HARD,58.0
PIA,59.0,77.042,HARD,59.0
PIA,60.0,76.617,HARD,60.0
PIA,61.0,76.771,HARD,61.0
PIA,62.0,77.095,HARD,62.0
PIA,63.0,76.921,HARD,63.0
PIA,64.0,76.909,HARD,64.0
PIA,65.0,76.391,HARD,65.0
PIA,66.0,76.64,HARD,66.0
PIA,67.0,76.596,HARD,67.0
PIA,68.0,76.601,HARD,68.0
PIA,69.0,77.371,HARD,69.0
PIA,70.0,77.27,HARD,70.0
PIA,71.0,77.184,HARD,71.0
PIA,72.0,76.652,HARD,72.0
PIA,73.0,76.281,HARD,73.0
PIA,74.0,76.356,HARD,74.0
PIA,75.0,76.644,HARD,75.0
PIA,76.0,76.59,HARD,76.0
PIA,77.0,76.734,HARD,77.0
PIA,78.0,77.126,HARD,78.0
SAI,1.0,2462.721,MEDIUM,1.0
SAI,3.0,85.012,HARD,2.0
SAI,4.0,82.358,HARD,3.0
SAI,5.0,81.978,HARD,4.0
SAI,6.0,81.163,HARD,5.0
SAI,7.0,81.466,HARD,6.0
SAI,8.0,80.272,HARD,7.0
SAI,9.0,80.525,HARD,8.0
SAI,10.0,81.259,HARD,9.0
SAI,11.0,80.246,HARD,10.0
SAI,12.0,79.974,HARD,11.0
SAI,13.0,80.017,HARD,12.0
SAI,14.0,79.48,HARD,13.0
SAI,15.0,79.543,HARD,14.0
SAI,16.0,80.579,HARD,15.0
SAI,17.0,80.076,HARD,16.0
SAI,18.0,79.177,HARD,17.0
SAI,19.0,79.445,HARD,18.0
SAI,20.0,79.403,HARD,19.0
SAI,21.0,78.917,HARD,20.0
SAI,22.0,78.889,HARD,21.0
SAI,23.0,78.993,HARD,22.0
SAI,24.0,78.568,HARD,23.0
SAI,25.0,78.537,HARD,24.0
SAI,26.0,78.088,HARD,25.0
SAI,27.0,79.49,HARD,26.0
SAI,28.0,79.281,HARD,27.0
SAI,29.0,78.697,HARD,28.0
SAI,30.0,77.326,HARD,29.0
SAI,31.0,79.784,HARD,30.0
SAI,32.0,80.136,HARD,31.0
SAI,33.0,78.778,HARD,32.0
SAI,34.0,79.013,HARD,33.0
SAI,35.0,78.465,HARD,34.0
SAI,36.0,79.275,HARD,35.0
SAI,37.0,77.577,HARD,36.0
SAI,38.0,78.412,HARD,37.0
SAI,39.0,78.31,HARD,38.0
SAI,40.0,78.653,HARD,39.0
SAI,41.0,78.714,HARD,40.0
SAI,42.0,79.171,HARD,41.0
SAI,43.0,79.594,HARD,42.0
SAI,44.0,78.762,HARD,43.0
SAI,45.0,77.885,HARD,44.0
SAI,46.0,78.731,HARD,45.0
SAI,47.0,78.141,HARD,46.0
SAI,48.0,77.894,HARD,47.0
SAI,49.0,78.259,HARD,48.0
SAI,50.0,78.545,HARD,49.0
SAI,51.0,77.528,HARD,50.0
SAI,52.0,78.094,HARD,51.0
SAI,53.0,77.759,HARD,52.0
SAI,54.0,77.742,HARD,53.0
SAI,55.0,78.661,HARD,54.0
SAI,56.0,78.119,HARD,55.0
SAI,57.0,77.599,HARD,56.0
SAI,58.0,77.501,HARD,57.0
SAI,59.0,77.134,HARD,58.0
SAI,60.0,75.159,HARD,59.0
SAI,61.0,79.046,HARD,60.0
SAI,62.0,74.726,HARD,61.0
SAI,63.0,78.207,HARD,62.0
SAI,64.0,74.813,HARD,63.0
SAI,65.0,78.137,HARD,64.0
SAI,66.0,75.409,HARD,65.0
SAI,67.0,76.847,HARD,66.0
SAI,68.0,75.595,HARD,67.0
SAI,69.0,76.218,HARD,68.0
SAI,70.0,77.117,HARD,69.0
SAI,71.0,77.214,HARD,70.0
SAI,72.0,76.785,HARD,71.0
SAI,73.0,76.417,HARD,72.0
SAI,74.0,76.063,HARD,73.0
SAI,75.0,76.905,HARD,74.0
SAI,76.0,76.328,HARD,75.0
SAI,77.0,76.701,HARD,76.0
SAI,78.0,77.072,HARD,77.0
NOR,1.0,2468.042,MEDIUM,2.0
NOR,3.0,85.283,HARD,3.0
NOR,4.0,82.782,HARD,4.0
NOR,5.0,82.147,HARD,5.0
NOR,6.0,81.804,HARD,6.0
NOR,7.0,80.828,HARD,7.0
NOR,8.0,80.82,HARD,8.0
NOR,9.0,80.397,HARD,9.0
NOR,10.0,80.972,HARD,10.0
NOR,11.0,80.87,HARD,11.0
NOR,12.0,79.933,HARD,12.0
NOR,13.0,79.82,HARD,13.0
NOR,14.0,79.385,HARD,14.0
NOR,15.0,79.775,HARD,15.0
NOR,16.0,79.637,HARD,16.0
NOR,17.0,80.337,HARD,17.0
NOR,18.0,79.398,HARD,18.0
NOR,19.0,79.28,HARD,19.0
NOR,20.0,79.043,HARD,20.0
NOR,21.0,78.983,HARD,21.0
NOR,22.0,78.981,HARD,22.0
NOR,23.0,79.194,HARD,23.0
NOR,24.0,78.699,HARD,24.0
NOR,25.0,78.64,HARD,25.0
NOR,26.0,78.396,HARD,26.0
NOR,27.0,78.72,HARD,27.0
NOR,28.0,79.238,HARD,28.0
NOR,29.0,78.766,HARD,29.0
NOR,30.0,78.403,HARD,30.0
NOR,31.0,78.78,HARD,31.0
NOR,32.0,79.538,HARD,32.0
NOR,33.0,79.233,HARD,33.0
NOR,34.0,79.243,HARD,34.0
NOR,35.0,78.714,HARD,35.0
NOR,36.0,78.582,HARD,36.0
NOR,37.0,77.958,HARD,37.0
NOR,38.0,77.994,HARD,38.0
NOR,39.0,78.303,HARD,39.0
NOR,40.0,78.824,HARD,40.0
NOR,41.0,78.519,HARD,41.0
NOR,42.0,79.436,HARD,42.0
NOR,43.0,79.796,HARD,43.0
NOR,44.0,78.906,HARD,44.0
NOR,45.0,77.897,HARD,45.0
NOR,46.0,78.215,HARD,46.0
NOR,47.0,78.141,HARD,47.0
NOR,48.0,77.975,HARD,48.0
NOR,49.0,78.177,HARD,49.0
NOR,50.0,78.218,HARD,50.0
NOR,51.0,77.772,HARD,51.0
NOR,52.0,78.223,HARD,52.0
NOR,53.0,77.57,HARD,53.0
NOR,54.0,77.838,HARD,54.0
NOR,55.0,78.382,HARD,55.0
NOR,56.0,78.155,HARD,56.0
NOR,57.0,77.815,HARD,57.0
NOR,58.0,77.395,HARD,58.0
NOR,59.0,77.122,HARD,59.0
NOR,60.0,76.695,HARD,60.0
NOR,61.0,77.614,HARD,61.0
NOR,62.0,76.026,HARD,62.0
NOR,63.0,76.876,HARD,63.0
NOR,64.0,75.742,HARD,64.0
NOR,65.0,77.143,HARD,65.0
NOR,66.0,76.214,HARD,66.0
NOR,67.0,76.115,HARD,67.0
NOR,68.0,76.172,HARD,68.0
NOR,69.0,76.314,HARD,69.0
NOR,70.0,77.213,HARD,70.0
NOR,71.0,76.609,HARD,71.0
NOR,72.0,76.801,HARD,72.0
NOR,73.0,76.285,HARD,73.0
NOR,74.0,76.429,HARD,74.0
NOR,75.0,76.517,HARD,75.0
NOR,76.0,76.671,HARD,76.0
NOR,77.0,76.512,HARD,77.0
NOR,78.0,77.296,HARD,78.0
RUS,1.0,2473.884,HARD,1.0
RUS,3.0,85.319,MEDIUM,2.0
RUS,4.0,82.868,MEDIUM,3.0
RUS,5.0,83.045,MEDIUM,4.0
RUS,6.0,83.012,MEDIUM,5.0
RUS,7.0,81.415,MEDIUM,6.0
RUS,8.0,81.612,MEDIUM,7.0
RUS,9.0,81.433,MEDIUM,8.0
RUS,10.0,81.531,MEDIUM,9.0
RUS,11.0,81.452,MEDIUM,10.0
RUS,12.0,80.316,MEDIUM,11.0
RUS,13.0,80.525,MEDIUM,12.0
RUS,14.0,80.272,MEDIUM,13.0
RUS,15.0,80.202,MEDIUM,14.0
RUS,16.0,79.913,MEDIUM,15.0
RUS,17.0,80.15,MEDIUM,16.0
RUS,18.0,79.438,MEDIUM,17.0
RUS,19.0,80.157,MEDIUM,18.0
RUS,20.0,80.053,MEDIUM,19.0
RUS,21.0,79.788,MEDIUM,20.0
RUS,22.0,79.691,MEDIUM,21.0
RUS,23.0,79.397,MEDIUM,22.0
RUS,24.0,79.484,MEDIUM,23.0
RUS,25.0,78.651,MEDIUM,24.0
RUS,26.0,79.006,MEDIUM,25.0
RUS,27.0,78.927,MEDIUM,26.0
RUS,28.0,78.679,MEDIUM,27.0
RUS,29.0,78.624,MEDIUM,28.0
RUS,30.0,78.811,MEDIUM,29.0
RUS,31.0,79.101,MEDIUM,30.0
RUS,32.0,79.122,MEDIUM,31.0
RUS,33.0,78.91,MEDIUM,32.0
RUS,34.0,79.379,MEDIUM,33.0
RUS,35.0,80.448,MEDIUM,34.0
RUS,36.0,79.728,MEDIUM,35.0
RUS,37.0,78.757,MEDIUM,36.0
RUS,38.0,78.446,MEDIUM,37.0
RUS,39.0,78.45,MEDIUM,38.0
RUS,40.0,78.139,MEDIUM,39.0
RUS,41.0,78.308,MEDIUM,40.0
RUS,42.0,78.204,MEDIUM,41.0
RUS,43.0,78.684,MEDIUM,42.0
RUS,44.0,78.177,MEDIUM,43.0
RUS,45.0,78.449,MEDIUM,44.0
RUS,46.0,78.387,MEDIUM,45.0
RUS,47.0,78.314,MEDIUM,46.0
RUS,48.0,78.702,MEDIUM,47.0
RUS,49.0,78.985,MEDIUM,48.0
RUS,50.0,78.447,MEDIUM,49.0
RUS,51.0,78.049,MEDIUM,50.0
RUS,52.0,78.602,MEDIUM,51.0
RUS,53.0,80.891,MEDIUM,52.0
RUS,54.0,78.201,MEDIUM,53.0
RUS,55.0,77.305,MEDIUM,54.0
RUS,56.0,77.071,MEDIUM,55.0
RUS,57.0,76.91,MEDIUM,56.0
RUS,58.0,77.142,MEDIUM,57.0
RUS,59.0,76.842,MEDIUM,58.0
RUS,60.0,76.604,MEDIUM,59.0
RUS,61.0,76.697,MEDIUM,60.0
RUS,62.0,76.787,MEDIUM,61.0
RUS,63.0,76.581,MEDIUM,62.0
RUS,64.0,76.133,MEDIUM,63.0
RUS,65.0,75.651,MEDIUM,64.0
RUS,66.0,75.848,MEDIUM,65.0
RUS,67.0,76.157,MEDIUM,66.0
RUS,68.0,75.931,MEDIUM,67.0
RUS,69.0,75.869,MEDIUM,68.0
RUS,70.0,75.251,MEDIUM,69.0
RUS,71.0,75.827,MEDIUM,70.0
RUS,72.0,75.839,MEDIUM,71.0
RUS,73.0,75.228,MEDIUM,72.0
RUS,74.0,75.376,MEDIUM,73.0
RUS,75.0,75.525,MEDIUM,74.0
RUS,76.0,75.753,MEDIUM,75.0
RUS,77.0,75.532,MEDIUM,76.0
RUS,78.0,76.303,MEDIUM,77.0
VER,1.0,2478.944,HARD,1.0
VER,3.0,85.744,MEDIUM,2.0
VER,4.0,83.275,MEDIUM,3.0
VER,5.0,83.4,MEDIUM,4.0
VER,6.0,83.787,MEDIUM,5.0
VER,7.0,81.283,MEDIUM,6.0
VER,8.0,81.657,MEDIUM,7.0
VER,9.0,81.74,MEDIUM,8.0
VER,10.0,81.244,MEDIUM,9.0
VER,11.0,81.492,MEDIUM,10.0
VER,12.0,80.659,MEDIUM,11.0
VER,13.0,79.904,MEDIUM,12.0
VER,14.0,79.723,MEDIUM,13.0
VER,15.0,80.37,MEDIUM,14.0
VER,16.0,80.287,MEDIUM,15.0
VER,17.0,79.898,MEDIUM,16.0
VER,18.0,79.58,MEDIUM,17.0
VER,19.0,80.171,MEDIUM,18.0
VER,20.0,79.886,MEDIUM,19.0
VER,21.0,80.255,MEDIUM,20.0
VER,22.0,79.813,MEDIUM,21.0
VER,23.0,78.979,MEDIUM,22.0
VER,24.0,79.364,MEDIUM,23.0
VER,25.0,79.38,MEDIUM,24.0
VER,26.0,78.818,MEDIUM,25.0
VER,27.0,78.797,MEDIUM,26.0
VER,28.0,78.682,MEDIUM,27.0
VER,29.0,78.795,MEDIUM,28.0
VER,30.0,78.574,MEDIUM,29.0
VER,31.0,78.564,MEDIUM,30.0
VER,32.0,78.983,MEDIUM,31.0
VER,33.0,79.005,MEDIUM,32.0
VER,34.0,79.594,MEDIUM,33.0
VER,35.0,80.207,MEDIUM,34.0
VER,36.0,79.634,MEDIUM,35.0
VER,37.0,79.429,MEDIUM,36.0
VER,38.0,78.844,MEDIUM,37.0
VER,39.0,78.326,MEDIUM,38.0
VER,40.0,78.409,MEDIUM,39.0
VER,41.0,78.083,MEDIUM,40.0
VER,42.0,78.074,MEDIUM,41.0
VER,43.0,78.358,MEDIUM,42.0
VER,44.0,78.405,MEDIUM,43.0
VER,45.0,78.313,MEDIUM,44.0
VER,46.0,78.203,MEDIUM,45.0
VER,47.0,78.537,MEDIUM,46.0
VER,48.0,78.337,MEDIUM,47.0
VER,49.0,78.477,MEDIUM,48.0
VER,50.0,78.88,MEDIUM,49.0
VER,51.0,78.142,MEDIUM,50.0
VER,52.0,93.905,MEDIUM,51.0
VER,53.0,78.724,HARD,2.0
VER,54.0,75.815,HARD,3.0
VER,55.0,75.398,HARD,4.0
VER,56.0,75.466,HARD,5.0
VER,57.0,76.181,HARD,6.0
VER,58.0,74.569,HARD,7.0
VER,59.0,74.748,HARD,8.0
VER,60.0,75.238,HARD,9.0
VER,61.0,75.121,HARD,10.0
VER,62.0,76.561,HARD,11.0
VER,63.0,76.547,HARD,12.0
VER,64.0,76.619,HARD,13.0
VER,65.0,75.468,HARD,14.0
VER,66.0,76.121,HARD,15.0
VER,67.0,76.276,HARD,16.0
VER,68.0,75.954,HARD,17.0
VER,69.0,75.463,HARD,18.0
VER,70.0,75.449,HARD,19.0
VER,71.0,75.659,HARD,20.0
VER,72.0,75.733,HARD,21.0
VER,73.0,75.436,HARD,22.0
VER,74.0,75.38,HARD,23.0
VER,75.0,75.396,HARD,24.0
VER,76.0,75.641,HARD,25.0
VER,77.0,75.543,HARD,26.0
VER,78.0,76.248,HARD,27.0
HAM,1.0,2483.804,HARD,1.0
HAM,3.0,87.058,MEDIUM,2.0
HAM,4.0,83.376,MEDIUM,3.0
HAM,5.0,83.64,MEDIUM,4.0
HAM,6.0,83.369,MEDIUM,5.0
HAM,7.0,81.463,MEDIUM,6.0
HAM,8.0,81.612,MEDIUM,7.0
HAM,9.0,81.851,MEDIUM,8.0
HAM,10.0,81.437,MEDIUM,9.0
HAM,11.0,81.325,MEDIUM,10.0
HAM,12.0,81.164,MEDIUM,11.0
HAM,13.0,80.171,MEDIUM,12.0
HAM,14.0,80.126,MEDIUM,13.0
HAM,15.0,79.971,MEDIUM,14.0
HAM,16.0,80.384,MEDIUM,15.0
HAM,17.0,79.738,MEDIUM,16.0
HAM,18.0,80.037,MEDIUM,17.0
HAM,19.0,79.874,MEDIUM,18.0
HAM,20.0,80.504,MEDIUM,19.0
HAM,21.0,79.76,MEDIUM,20.0
HAM,22.0,80.59,MEDIUM,21.0
HAM,23.0,79.089,MEDIUM,22.0
HAM,24.0,78.785,MEDIUM,23.0
HAM,25.0,79.342,MEDIUM,24.0
HAM,26.0,79.862,MEDIUM,25.0
HAM,27.0,78.549,MEDIUM,26.0
HAM,28.0,78.587,MEDIUM,27.0
HAM,29.0,78.94,MEDIUM,28.0
HAM,30.0,78.371,MEDIUM,29.0
HAM,31.0,78.471,MEDIUM,30.0
HAM,32.0,78.618,MEDIUM,31.0
HAM,33.0,78.746,MEDIUM,32.0
HAM,34.0,78.86,MEDIUM,33.0
HAM,35.0,79.518,MEDIUM,34.0
HAM,36.0,80.648,MEDIUM,35.0
HAM,37.0,78.605,MEDIUM,36.0
HAM,38.0,80.514,MEDIUM,37.0
HAM,39.0,78.943,MEDIUM,38.0
HAM,40.0,78.673,MEDIUM,39.0
HAM,41.0,78.946,MEDIUM,40.0
HAM,42.0,77.542,MEDIUM,41.0
HAM,43.0,77.867,MEDIUM,42.0
HAM,44.0,78.225,MEDIUM,43.0
HAM,45.0,78.156,MEDIUM,44.0
HAM,46.0,78.104,MEDIUM,45.0
HAM,47.0,78.331,MEDIUM,46.0
HAM,48.0,77.831,MEDIUM,47.0
HAM,49.0,77.398,MEDIUM,48.0
HAM,50.0,78.461,MEDIUM,49.0
HAM,51.0,95.209,MEDIUM,50.0
HAM,52.0,79.702,HARD,2.0
HAM,53.0,76.458,HARD,3.0
HAM,54.0,76.388,HARD,4.0
HAM,55.0,76.492,HARD,5.0
HAM,56.0,74.423,HARD,6.0
HAM,57.0,77.857,HARD,7.0
HAM,58.0,76.855,HARD,8.0
HAM,59.0,74.204,HARD,9.0
HAM,60.0,75.848,HARD,10.0
HAM,61.0,75.274,HARD,11.0
HAM,62.0,75.414,HARD,12.0
HAM,63.0,74.165,HARD,13.0
HAM,64.0,76.164,HARD,14.0
HAM,65.0,75.19,HARD,15.0
HAM,66.0,75.342,HARD,16.0
HAM,67.0,76.117,HARD,17.0
HAM,68.0,75.836,HARD,18.0
HAM,69.0,75.648,HARD,19.0
HAM,70.0,75.638,HARD,20.0
HAM,71.0,75.643,HARD,21.0
HAM,72.0,75.468,HARD,22.0
HAM,73.0,75.134,HARD,23.0
HAM,74.0,75.324,HARD,24.0
HAM,75.0,75.324,HARD,25.0
HAM,76.0,75.245,HARD,26.0
HAM,77.0,75.697,HARD,27.0
HAM,78.0,76.355,HARD,28.0
TSU,1.0,2488.609,MEDIUM,1.0
TSU,2.0,148.277,HARD,2.0
TSU,3.0,87.563,HARD,3.0
TSU,4.0,83.327,HARD,4.0
TSU,5.0,83.493,HARD,5.0
TSU,6.0,83.224,HARD,6.0
TSU,7.0,81.826,HARD,7.0
TSU,8.0,81.651,HARD,8.0
TSU,9.0,81.896,HARD,9.0
TSU,10.0,81.591,HARD,10.0
TSU,11.0,81.289,HARD,11.0
TSU,12.0,81.089,HARD,12.0
TSU,13.0,80.682,HARD,13.0
TSU,14.0,81.249,HARD,14.0
TSU,15.0,80.099,HARD,15.0
TSU,16.0,80.847,HARD,16.0
TSU,17.0,80.335,HARD,17.0
TSU,18.0,80.612,HARD,18.0
TSU,19.0,80.77,HARD,19.0
TSU,20.0,79.991,HARD,20.0
TSU,21.0,80.557,HARD,21.0
TSU,22.0,80.875,HARD,22.0
TSU,23.0,80.45,HARD,23.0
TSU,24.0,80.386,HARD,24.0
TSU,25.0,80.329,HARD,25.0
TSU,26.0,80.448,HARD,26.0
TSU,27.0,80.286,HARD,27.0
TSU,28.0,80.184,HARD,28.0
TSU,29.0,79.837,HARD,29.0
TSU,30.0,80.495,HARD,30.0
TSU,31.0,80.19,HARD,31.0
TSU,32.0,81.023,HARD,32.0
TSU,33.0,80.749,HARD,33.0
TSU,34.0,79.153,HARD,34.0
TSU,35.0,78.973,HARD,35.0
TSU,36.0,79.472,HARD,36.0
TSU,37.0,80.071,HARD,37.0
TSU,38.0,80.117,HARD,38.0
TSU,39.0,79.855,HARD,39.0
TSU,40.0,79.745,HARD,40.0
TSU,41.0,80.772,HARD,41.0
TSU,42.0,80.32,HARD,42.0
TSU,43.0,80.135,HARD,43.0
TSU,44.0,80.394,HARD,44.0
TSU,45.0,80.144,HARD,45.0
TSU,46.0,80.294,HARD,46.0
TSU,47.0,80.426,HARD,47.0
TSU,48.0,80.543,HARD,48.0
TSU,49.0,80.109,HARD,49.0
TSU,50.0,79.553,HARD,50.0
TSU,51.0,78.64,HARD,51.0
TSU,52.0,80.114,HARD,52.0
TSU,53.0,79.854,HARD,53.0
TSU,54.0,85.77,HARD,54.0
TSU,55.0,79.781,HARD,55.0
TSU,56.0,78.502,HARD,56.0
TSU,57.0,78.499,HARD,57.0
TSU,58.0,78.737,HARD,58.0
TSU,59.0,78.035,HARD,59.0
TSU,60.0,79.659,HARD,60.0
TSU,61.0,80.298,HARD,61.0
TSU,62.0,79.375,HARD,62.0
TSU,63.0,83.218,HARD,63.0
TSU,64.0,77.631,HARD,64.0
TSU,65.0,77.019,HARD,65.0
TSU,66.0,78.197,HARD,66.0
TSU,67.0,78.148,HARD,67.0
TSU,68.0,78.209,HARD,68.0
TSU,69.0,80.032,HARD,69.0
TSU,70.0,79.347,HARD,70.0
TSU,71.0,78.258,HARD,71.0
TSU,72.0,77.079,HARD,72.0
TSU,73.0,75.955,HARD,73.0
TSU,74.0,75.462,HARD,74.0
TSU,75.0,74.992,HARD,75.0
TSU,76.0,75.205,HARD,76.0
TSU,77.0,74.72,HARD,77.0
ALB,1.0,2494.817,MEDIUM,1.0
ALB,2.0,142.255,HARD,1.0
ALB,3.0,87.834,HARD,2.0
ALB,4.0,83.286,HARD,3.0
ALB,5.0,83.369,HARD,4.0
ALB,6.0,83.416,HARD,5.0
ALB,7.0,81.913,HARD,6.0
ALB,8.0,81.536,HARD,7.0
ALB,9.0,82.004,HARD,8.0
ALB,10.0,81.562,HARD,9.0
ALB,11.0,81.514,HARD,10.0
ALB,12.0,80.821,HARD,11.0
ALB,13.0,81.42,HARD,12.0
ALB,14.0,80.591,HARD,13.0
ALB,15.0,80.591,HARD,14.0
ALB,16.0,80.793,HARD,15.0
ALB,17.0,81.137,HARD,16.0
ALB,18.0,80.042,HARD,17.0
ALB,19.0,80.245,HARD,18.0
ALB,20.0,80.36,HARD,19.0
ALB,21.0,80.937,HARD,20.0
ALB,22.0,80.542,HARD,21.0
ALB,23.0,80.143,HARD,22.0
ALB,24.0,80.517,HARD,23.0
ALB,25.0,80.323,HARD,24.0
ALB,26.0,80.463,HARD,25.0
ALB,27.0,80.509,HARD,26.0
ALB,28.0,79.51,HARD,27.0
ALB,29.0,80.271,HARD,28.0
ALB,30.0,81.439,HARD,29.0
ALB,31.0,80.941,HARD,30.0
ALB,32.0,80.148,HARD,31.0
ALB,33.0,79.491,HARD,32.0
ALB,34.0,79.134,HARD,33.0
ALB,35.0,78.816,HARD,34.0
ALB,36.0,81.628,HARD,35.0
ALB,37.0,80.775,HARD,36.0
ALB,38.0,80.314,HARD,37.0
ALB,39.0,80.389,HARD,38.0
ALB,40.0,79.812,HARD,39.0
ALB,41.0,79.329,HARD,40.0
ALB,42.0,80.084,HARD,41.0
ALB,43.0,79.496,HARD,42.0
ALB,44.0,79.683,HARD,43.0
ALB,45.0,81.748,HARD,44.0
ALB,46.0,80.594,HARD,45.0
ALB,47.0,80.462,HARD,46.0
ALB,48.0,79.321,HARD,47.0
ALB,49.0,79.378,HARD,48.0
ALB,50.0,79.268,HARD,49.0
ALB,51.0,78.863,HARD,50.0
ALB,52.0,81.554,HARD,51.0
ALB,53.0,80.7,HARD,52.0
ALB,54.0,83.647,HARD,53.0
ALB,55.0,79.085,HARD,54.0
ALB,56.0,78.796,HARD,55.0
ALB,57.0,78.271,HARD,56.0
ALB,58.0,78.69,HARD,57.0
ALB,59.0,78.201,HARD,58.0
ALB,60.0,79.533,HARD,59.0
ALB,61.0,80.222,HARD,60.0
ALB,62.0,79.506,HARD,61.0
ALB,63.0,83.085,HARD,62.0
ALB,64.0,77.911,HARD,63.0
ALB,65.0,77.261,HARD,64.0
ALB,66.0,78.003,HARD,65.0
ALB,67.0,77.874,HARD,66.0
ALB,68.0,78.385,HARD,67.0
ALB,69.0,79.921,HARD,68.0
ALB,70.0,79.37,HARD,69.0
ALB,71.0,78.957,HARD,70.0
ALB,72.0,78.165,HARD,71.0
ALB,73.0,78.432,HARD,72.0
ALB,74.0,78.014,HARD,73.0
ALB,75.0,77.85,HARD,74.0
ALB,76.0,77.279,HARD,75.0
ALB,77.0,77.06,HARD,76.0
GAS,1.0,2497.695,HARD,1.0
GAS,2.0,139.618,MEDIUM,1.0
GAS,3.0,88.269,MEDIUM,2.0
GAS,4.0,83.269,MEDIUM,3.0
GAS,5.0,83.428,MEDIUM,4.0
GAS,6.0,83.106,MEDIUM,5.0
GAS,7.0,82.233,MEDIUM,6.0
GAS,8.0,81.6,MEDIUM,7.0
GAS,9.0,82.071,MEDIUM,8.0
GAS,10.0,81.394,MEDIUM,9.0
GAS,11.0,81.298,MEDIUM,10.0
GAS,12.0,81.289,MEDIUM,11.0
GAS,13.0,81.53,MEDIUM,12.0
GAS,14.0,79.92,MEDIUM,13.0
GAS,15.0,81.066,MEDIUM,14.0
GAS,16.0,81.054,MEDIUM,15.0
GAS,17.0,81.961,MEDIUM,16.0
GAS,18.0,80.797,MEDIUM,17.0
GAS,19.0,79.904,MEDIUM,18.0
GAS,20.0,80.255,MEDIUM,19.0
GAS,21.0,79.876,MEDIUM,20.0
GAS,22.0,80.554,MEDIUM,21.0
GAS,23.0,81.306,MEDIUM,22.0
GAS,24.0,80.949,MEDIUM,23.0
GAS,25.0,80.372,MEDIUM,24.0
GAS,26.0,80.593,MEDIUM,25.0
GAS,27.0,80.521,MEDIUM,26.0
GAS,28.0,80.229,MEDIUM,27.0
GAS,29.0,79.376,MEDIUM,28.0
GAS,30.0,81.764,MEDIUM,29.0
GAS,31.0,81.427,MEDIUM,30.0
GAS,32.0,81.121,MEDIUM,31.0
GAS,33.0,80.965,MEDIUM,32.0
GAS,34.0,80.751,MEDIUM,33.0
GAS,35.0,79.361,MEDIUM,34.0
GAS,36.0,79.576,MEDIUM,35.0
GAS,37.0,79.975,MEDIUM,36.0
GAS,38.0,79.428,MEDIUM,37.0
GAS,39.0,80.32,MEDIUM,38.0
GAS,40.0,80.384,MEDIUM,39.0
GAS,41.0,80.2,MEDIUM,40.0
GAS,42.0,79.977,MEDIUM,41.0
GAS,43.0,81.048,MEDIUM,42.0
GAS,44.0,80.621,MEDIUM,43.0
GAS,45.0,79.382,MEDIUM,44.0
GAS,46.0,79.97,MEDIUM,45.0
GAS,47.0,79.435,MEDIUM,46.0
GAS,48.0,79.865,MEDIUM,47.0
GAS,49.0,80.534,MEDIUM,48.0
GAS,50.0,81.023,MEDIUM,49.0
GAS,51.0,84.473,MEDIUM,50.0
GAS,52.0,79.743,MEDIUM,51.0
GAS,53.0,79.917,MEDIUM,52.0
GAS,54.0,79.091,MEDIUM,53.0
GAS,55.0,79.407,MEDIUM,54.0
GAS,56.0,79.704,MEDIUM,55.0
GAS,57.0,79.448,MEDIUM,56.0
GAS,58.0,79.097,MEDIUM,57.0
GAS,59.0,81.378,MEDIUM,58.0
GAS,60.0,80.237,MEDIUM,59.0
GAS,61.0,80.407,MEDIUM,60.0
GAS,62.0,78.469,MEDIUM,61.0
GAS,63.0,79.155,MEDIUM,62.0
GAS,64.0,78.868,MEDIUM,63.0
GAS,65.0,79.22,MEDIUM,64.0
GAS,66.0,78.726,MEDIUM,65.0
GAS,67.0,78.624,MEDIUM,66.0
GAS,68.0,78.545,MEDIUM,67.0
GAS,69.0,78.363,MEDIUM,68.0
GAS,70.0,77.799,MEDIUM,69.0
GAS,71.0,78.14,MEDIUM,70.0
GAS,72.0,78.382,MEDIUM,71.0
GAS,73.0,77.992,MEDIUM,72.0
GAS,74.0,76.689,MEDIUM,73.0
GAS,75.0,78.12,MEDIUM,74.0
GAS,76.0,77.516,MEDIUM,75.0
GAS,77.0,75.625,MEDIUM,76.0
ALO,1.0,2513.184,HARD,2.0
ALO,2.0,124.571,MEDIUM,2.0
ALO,3.0,89.188,MEDIUM,3.0
ALO,4.0,83.736,MEDIUM,4.0
ALO,5.0,83.575,MEDIUM,5.0
ALO,6.0,82.711,MEDIUM,6.0
ALO,7.0,82.866,MEDIUM,7.0
ALO,8.0,82.284,MEDIUM,8.0
ALO,9.0,81.65,MEDIUM,9.0
ALO,10.0,81.864,MEDIUM,10.0
ALO,11.0,81.418,MEDIUM,11.0
ALO,12.0,81.366,MEDIUM,12.0
ALO,13.0,81.428,MEDIUM,13.0
ALO,14.0,81.392,MEDIUM,14.0
ALO,15.0,81.061,MEDIUM,15.0
ALO,16.0,81.318,MEDIUM,16.0
ALO,17.0,80.799,MEDIUM,17.0
ALO,18.0,81.075,MEDIUM,18.0
ALO,19.0,80.605,MEDIUM,19.0
ALO,20.0,81.11,MEDIUM,20.0
ALO,21.0,80.317,MEDIUM,21.0
ALO,22.0,81.037,MEDIUM,22.0
ALO,23.0,80.246,MEDIUM,23.0
ALO,24.0,81.413,MEDIUM,24.0
ALO,25.0,81.091,MEDIUM,25.0
ALO,26.0,80.858,MEDIUM,26.0
ALO,27.0,81.303,MEDIUM,27.0
ALO,28.0,81.544,MEDIUM,28.0
ALO,29.0,81.205,MEDIUM,29.0
ALO,30.0,81.034,MEDIUM,30.0
ALO,31.0,80.642,MEDIUM,31.0
ALO,32.0,81.01,MEDIUM,32.0
ALO,33.0,80.35,MEDIUM,33.0
ALO,34.0,80.877,MEDIUM,34.0
ALO,35.0,80.432,MEDIUM,35.0
ALO,36.0,81.128,MEDIUM,36.0
ALO,37.0,81.512,MEDIUM,37.0
ALO,38.0,81.082,MEDIUM,38.0
ALO,39.0,81.265,MEDIUM,39.0
ALO,40.0,80.755,MEDIUM,40.0
ALO,41.0,83.446,MEDIUM,41.0
ALO,42.0,83.332,MEDIUM,42.0
ALO,43.0,80.286,MEDIUM,43.0
ALO,44.0,78.852,MEDIUM,44.0
ALO,45.0,79.956,MEDIUM,45.0
ALO,46.0,78.928,MEDIUM,46.0
ALO,47.0,79.109,MEDIUM,47.0
ALO,48.0,80.315,MEDIUM,48.0
ALO,49.0,79.837,MEDIUM,49.0
ALO,50.0,79.334,MEDIUM,50.0
ALO,51.0,80.636,MEDIUM,51.0
ALO,52.0,83.377,MEDIUM,52.0
ALO,53.0,79.992,MEDIUM,53.0
ALO,54.0,79.191,MEDIUM,54.0
ALO,55.0,79.411,MEDIUM,55.0
ALO,56.0,80.739,MEDIUM,56.0
ALO,57.0,80.6,MEDIUM,57.0
ALO,58.0,79.229,MEDIUM,58.0
ALO,59.0,79.219,MEDIUM,59.0
ALO,60.0,79.166,MEDIUM,60.0
ALO,61.0,78.752,MEDIUM,61.0
ALO,62.0,78.816,MEDIUM,62.0
ALO,63.0,78.556,MEDIUM,63.0
ALO,64.0,78.736,MEDIUM,64.0
ALO,65.0,78.633,MEDIUM,65.0
ALO,66.0,78.637,MEDIUM,66.0
ALO,67.0,78.126,MEDIUM,67.0
ALO,68.0,77.939,MEDIUM,68.0
ALO,69.0,78.713,MEDIUM,69.0
ALO,70.0,78.473,MEDIUM,70.0
ALO,71.0,78.133,MEDIUM,71.0
ALO,72.0,78.081,MEDIUM,72.0
ALO,73.0,78.504,MEDIUM,73.0
ALO,74.0,80.336,MEDIUM,74.0
ALO,75.0,78.663,MEDIUM,75.0
ALO,76.0,79.053,MEDIUM,76.0
RIC,1.0,2507.607,MEDIUM,1.0
RIC,2.0,130.108,HARD,2.0
RIC,3.0,89.656,HARD,3.0
RIC,4.0,83.524,HARD,4.0
RIC,5.0,83.744,HARD,5.0
RIC,6.0,82.748,HARD,6.0
RIC,7.0,82.747,HARD,7.0
RIC,8.0,82.433,HARD,8.0
RIC,9.0,81.528,HARD,9.0
RIC,10.0,81.976,HARD,10.0
RIC,11.0,81.53,HARD,11.0
RIC,12.0,81.277,HARD,12.0
RIC,13.0,81.416,HARD,13.0
RIC,14.0,81.391,HARD,14.0
RIC,15.0,81.177,HARD,15.0
RIC,16.0,81.125,HARD,16.0
RIC,17.0,80.862,HARD,17.0
RIC,18.0,81.108,HARD,18.0
RIC,19.0,81.31,HARD,19.0
RIC,20.0,80.942,HARD,20.0
RIC,21.0,80.817,HARD,21.0
RIC,22.0,80.849,HARD,22.0
RIC,23.0,80.662,HARD,23.0
RIC,24.0,80.348,HARD,24.0
RIC,25.0,81.029,HARD,25.0
RIC,26.0,80.691,HARD,26.0
RIC,27.0,81.365,HARD,27.0
RIC,28.0,81.566,HARD,28.0
RIC,29.0,81.265,HARD,29.0
RIC,30.0,80.9,HARD,30.0
RIC,31.0,80.703,HARD,31.0
RIC,32.0,80.94,HARD,32.0
RIC,33.0,80.395,HARD,33.0
RIC,34.0,80.84,HARD,34.0
RIC,35.0,80.54,HARD,35.0
RIC,36.0,81.126,HARD,36.0
RIC,37.0,81.358,HARD,37.0
RIC,38.0,81.099,HARD,38.0
RIC,39.0,81.255,HARD,39.0
RIC,40.0,80.87,HARD,40.0
RIC,41.0,85.218,HARD,41.0
RIC,42.0,81.527,HARD,42.0
RIC,43.0,81.053,HARD,43.0
RIC,44.0,78.003,HARD,44.0
RIC,45.0,81.761,HARD,45.0
RIC,46.0,77.172,HARD,46.0
RIC,47.0,81.071,HARD,47.0
RIC,48.0,78.282,HARD,48.0
RIC,49.0,79.837,HARD,49.0
RIC,50.0,79.796,HARD,50.0
RIC,51.0,82.683,HARD,51.0
RIC,52.0,80.696,HARD,52.0
RIC,53.0,80.079,HARD,53.0
RIC,54.0,79.176,HARD,54.0
RIC,55.0,79.457,HARD,55.0
RIC,56.0,82.007,HARD,56.0
RIC,57.0,79.672,HARD,57.0
RIC,58.0,79.119,HARD,58.0
RIC,59.0,78.936,HARD,59.0
RIC,60.0,79.23,HARD,60.0
RIC,61.0,78.771,HARD,61.0
RIC,62.0,78.977,HARD,62.0
RIC,63.0,78.805,HARD,63.0
RIC,64.0,78.637,HARD,64.0
RIC,65.0,78.73,HARD,65.0
RIC,66.0,78.248,HARD,66.0
RIC,67.0,78.219,HARD,67.0
RIC,68.0,78.116,HARD,68.0
RIC,69.0,78.386,HARD,69.0
RIC,70.0,78.706,HARD,70.0
RIC,71.0,78.108,HARD,71.0
RIC,72.0,78.068,HARD,72.0
RIC,73.0,78.512,HARD,73.0
RIC,74.0,80.358,HARD,74.0
RIC,75.0,78.645,HARD,75.0
RIC,76.0,78.93,HARD,76.0
BOT,1.0,2521.748,HARD,1.0
BOT,2.0,116.358,MEDIUM,1.0
BOT,3.0,89.743,MEDIUM,2.0
BOT,4.0,83.386,MEDIUM,3.0
BOT,5.0,83.636,MEDIUM,4.0
BOT,6.0,82.868,MEDIUM,5.0
BOT,7.0,82.832,MEDIUM,6.0
BOT,8.0,82.249,MEDIUM,7.0
BOT,9.0,81.715,MEDIUM,8.0
BOT,10.0,81.947,MEDIUM,9.0
BOT,11.0,81.547,MEDIUM,10.0
BOT,12.0,81.328,MEDIUM,11.0
BOT,13.0,81.54,MEDIUM,12.0
BOT,14.0,81.221,MEDIUM,13.0
BOT,15.0,97.899,MEDIUM,14.0
BOT,16.0,80.012,HARD,2.0
BOT,17.0,76.561,HARD,3.0
BOT,18.0,76.567,HARD,4.0
BOT,19.0,77.829,HARD,5.0
BOT,20.0,79.124,HARD,6.0
BOT,21.0,80.462,HARD,7.0
BOT,22.0,81.022,HARD,8.0
BOT,23.0,80.75,HARD,9.0
BOT,24.0,80.564,HARD,10.0
BOT,25.0,80.783,HARD,11.0
BOT,26.0,80.851,HARD,12.0
BOT,27.0,81.37,HARD,13.0
BOT,28.0,81.765,HARD,14.0
BOT,29.0,80.857,HARD,15.0
BOT,30.0,81.47,HARD,16.0
BOT,31.0,80.752,HARD,17.0
BOT,32.0,80.658,HARD,18.0
BOT,33.0,80.525,HARD,19.0
BOT,34.0,80.903,HARD,20.0
BOT,35.0,80.254,HARD,21.0
BOT,36.0,81.196,HARD,22.0
BOT,37.0,81.386,HARD,23.0
BOT,38.0,80.948,HARD,24.0
BOT,39.0,83.172,HARD,25.0
BOT,40.0,83.591,HARD,26.0
BOT,41.0,80.23,HARD,27.0
BOT,42.0,82.109,HARD,28.0
BOT,43.0,80.912,HARD,29.0
BOT,44.0,79.772,HARD,30.0
BOT,45.0,80.043,HARD,31.0
BOT,46.0,80.417,HARD,32.0
BOT,47.0,82.969,HARD,33.0
BOT,48.0,80.562,HARD,34.0
BOT,49.0,80.818,HARD,35.0
BOT,50.0,80.239,HARD,36.0
BOT,51.0,77.205,HARD,37.0
BOT,52.0,77.202,HARD,38.0
BOT,53.0,78.456,HARD,39.0
BOT,54.0,79.403,HARD,40.0
BOT,55.0,80.375,HARD,41.0
BOT,56.0,81.657,HARD,42.0
BOT,57.0,78.994,HARD,43.0
BOT,58.0,79.28,HARD,44.0
BOT,59.0,78.999,HARD,45.0
BOT,60.0,79.069,HARD,46.0
BOT,61.0,78.623,HARD,47.0
BOT,62.0,78.964,HARD,48.0
BOT,63.0,79.024,HARD,49.0
BOT,64.0,78.531,HARD,50.0
BOT,65.0,78.642,HARD,51.0
BOT,66.0,78.383,HARD,52.0
BOT,67.0,78.467,HARD,53.0
BOT,68.0,78.052,HARD,54.0
BOT,69.0,78.088,HARD,55.0
BOT,70.0,78.778,HARD,56.0
BOT,71.0,78.104,HARD,57.0
BOT,72.0,78.347,HARD,58.0
BOT,73.0,80.068,HARD,59.0
BOT,74.0,78.318,HARD,60.0
BOT,75.0,78.779,HARD,61.0
BOT,76.0,78.774,HARD,62.0
STR,1.0,2502.648,HARD,2.0
STR,2.0,134.844,MEDIUM,2.0
STR,3.0,88.303,MEDIUM,3.0
STR,4.0,83.354,MEDIUM,4.0
STR,5.0,83.731,MEDIUM,5.0
STR,6.0,82.977,MEDIUM,6.0
STR,7.0,82.634,MEDIUM,7.0
STR,8.0,81.653,MEDIUM,8.0
STR,9.0,82.09,MEDIUM,9.0
STR,10.0,81.725,MEDIUM,10.0
STR,11.0,81.517,MEDIUM,11.0
STR,12.0,81.471,MEDIUM,12.0
STR,13.0,81.314,MEDIUM,13.0
STR,14.0,80.427,MEDIUM,14.0
STR,15.0,80.781,MEDIUM,15.0
STR,16.0,81.189,MEDIUM,16.0
STR,17.0,81.97,MEDIUM,17.0
STR,18.0,80.698,MEDIUM,18.0
STR,19.0,80.353,MEDIUM,19.0
STR,20.0,79.398,MEDIUM,20.0
STR,21.0,79.016,MEDIUM,21.0
STR,22.0,81.307,MEDIUM,22.0
STR,23.0,81.188,MEDIUM,23.0
STR,24.0,81.621,MEDIUM,24.0
STR,25.0,80.506,MEDIUM,25.0
STR,26.0,80.589,MEDIUM,26.0
STR,27.0,80.307,MEDIUM,27.0
STR,28.0,80.131,MEDIUM,28.0
STR,29.0,79.464,MEDIUM,29.0
STR,30.0,81.422,MEDIUM,30.0
STR,31.0,82.535,MEDIUM,31.0
STR,32.0,81.252,MEDIUM,32.0
STR,33.0,80.536,MEDIUM,33.0
STR,34.0,79.789,MEDIUM,34.0
STR,35.0,79.497,MEDIUM,35.0
STR,36.0,79.297,MEDIUM,36.0
STR,37.0,79.638,MEDIUM,37.0
STR,38.0,79.706,MEDIUM,38.0
STR,39.0,79.867,MEDIUM,39.0
STR,40.0,80.45,MEDIUM,40.0
STR,41.0,80.2,MEDIUM,41.0
STR,42.0,97.062,MEDIUM,42.0
STR,43.0,82.775,HARD,3.0
STR,44.0,78.551,HARD,4.0
STR,45.0,78.806,HARD,5.0
STR,46.0,78.296,HARD,6.0
STR,47.0,78.062,HARD,7.0
STR,48.0,109.132,HARD,8.0
STR,49.0,79.089,SOFT,1.0
STR,50.0,77.788,SOFT,2.0
STR,51.0,76.982,SOFT,3.0
STR,52.0,77.35,SOFT,4.0
STR,53.0,81.547,SOFT,5.0
STR,54.0,80.571,SOFT,6.0
STR,55.0,79.963,SOFT,7.0
STR,56.0,77.279,SOFT,8.0
STR,57.0,76.914,SOFT,9.0
STR,58.0,77.156,SOFT,10.0
STR,59.0,76.71,SOFT,11.0
STR,60.0,77.326,SOFT,12.0
STR,61.0,78.298,SOFT,13.0
STR,62.0,79.07,SOFT,14.0
STR,63.0,79.1,SOFT,15.0
STR,64.0,78.425,SOFT,16.0
STR,65.0,78.732,SOFT,17.0
STR,66.0,78.748,SOFT,18.0
STR,67.0,78.636,SOFT,19.0
STR,68.0,78.057,SOFT,20.0
STR,69.0,78.275,SOFT,21.0
STR,70.0,78.557,SOFT,22.0
STR,71.0,78.464,SOFT,23.0
STR,72.0,78.332,SOFT,24.0
STR,73.0,80.709,SOFT,25.0
STR,74.0,78.23,SOFT,26.0
STR,75.0,78.511,SOFT,27.0
STR,76.0,78.623,SOFT,28.0
SAR,1.0,2516.858,HARD,1.0
SAR,2.0,121.235,HARD,2.0
SAR,3.0,90.077,HARD,3.0
SAR,4.0,83.682,HARD,4.0
SAR,5.0,83.674,HARD,5.0
SAR,6.0,82.739,HARD,6.0
SAR,7.0,82.899,HARD,7.0
SAR,8.0,82.221,HARD,8.0
SAR,9.0,81.679,HARD,9.0
SAR,10.0,81.944,HARD,10.0
SAR,11.0,81.492,HARD,11.0
SAR,12.0,81.404,HARD,12.0
SAR,13.0,81.499,HARD,13.0
SAR,14.0,81.219,HARD,14.0
SAR,15.0,81.34,HARD,15.0
SAR,16.0,80.646,HARD,16.0
SAR,17.0,81.016,HARD,17.0
SAR,18.0,81.031,HARD,18.0
SAR,19.0,81.221,HARD,19.0
SAR,20.0,80.853,HARD,20.0
SAR,21.0,80.849,HARD,21.0
SAR,22.0,80.897,HARD,22.0
SAR,23.0,80.593,HARD,23.0
SAR,24.0,80.395,HARD,24.0
SAR,25.0,80.903,HARD,25.0
SAR,26.0,80.929,HARD,26.0
SAR,27.0,81.231,HARD,27.0
SAR,28.0,81.604,HARD,28.0
SAR,29.0,81.334,HARD,29.0
SAR,30.0,80.84,HARD,30.0
SAR,31.0,80.775,HARD,31.0
SAR,32.0,80.797,HARD,32.0
SAR,33.0,80.53,HARD,33.0
SAR,34.0,80.738,HARD,34.0
SAR,35.0,80.584,HARD,35.0
SAR,36.0,81.134,HARD,36.0
SAR,37.0,81.404,HARD,37.0
SAR,38.0,81.131,HARD,38.0
SAR,39.0,81.273,HARD,39.0
SAR,40.0,81.78,HARD,40.0
SAR,41.0,84.378,HARD,41.0
SAR,42.0,81.87,HARD,42.0
SAR,43.0,80.552,HARD,43.0
SAR,44.0,79.511,HARD,44.0
SAR,45.0,80.72,HARD,45.0
SAR,46.0,80.124,HARD,46.0
SAR,47.0,79.888,HARD,47.0
SAR,48.0,80.97,HARD,48.0
SAR,49.0,83.966,HARD,49.0
SAR,50.0,80.292,HARD,50.0
SAR,51.0,81.817,HARD,51.0
SAR,52.0,80.78,HARD,52.0
SAR,53.0,81.318,HARD,53.0
SAR,54.0,82.289,HARD,54.0
SAR,55.0,80.342,HARD,55.0
SAR,56.0,81.474,HARD,56.0
SAR,57.0,97.746,HARD,57.0
SAR,58.0,79.809,MEDIUM,1.0
SAR,59.0,75.594,MEDIUM,2.0
SAR,60.0,75.58,MEDIUM,3.0
SAR,61.0,75.558,MEDIUM,4.0
SAR,62.0,75.525,MEDIUM,5.0
SAR,63.0,75.688,MEDIUM,6.0
SAR,64.0,76.895,MEDIUM,7.0
SAR,65.0,79.869,MEDIUM,8.0
SAR,66.0,80.799,MEDIUM,9.0
SAR,67.0,80.347,MEDIUM,10.0
SAR,68.0,80.004,MEDIUM,11.0
SAR,69.0,76.077,MEDIUM,12.0
SAR,70.0,76.866,MEDIUM,13.0
SAR,71.0,76.326,MEDIUM,14.0
SAR,72.0,76.402,MEDIUM,15.0
SAR,73.0,76.37,MEDIUM,16.0
SAR,74.0,76.863,MEDIUM,17.0
SAR,75.0,76.324,MEDIUM,18.0
SAR,76.0,77.197,MEDIUM,19.0
ZHO,1.0,2526.253,MEDIUM,1.0
ZHO,2.0,112.131,HARD,1.0
ZHO,3.0,90.396,HARD,2.0
ZHO,4.0,83.698,HARD,3.0
ZHO,5.0,83.494,HARD,4.0
ZHO,6.0,82.649,HARD,5.0
ZHO,7.0,82.934,HARD,6.0
ZHO,8.0,82.182,HARD,7.0
ZHO,9.0,81.81,HARD,8.0
ZHO,10.0,81.944,HARD,9.0
ZHO,11.0,81.563,HARD,10.0
ZHO,12.0,81.193,HARD,11.0
ZHO,13.0,81.529,HARD,12.0
ZHO,14.0,81.264,HARD,13.0
ZHO,15.0,81.447,HARD,14.0
ZHO,16.0,80.481,HARD,15.0
ZHO,17.0,80.979,HARD,16.0
ZHO,18.0,80.911,HARD,17.0
ZHO,19.0,81.42,HARD,18.0
ZHO,20.0,80.904,HARD,19.0
ZHO,21.0,80.669,HARD,20.0
ZHO,22.0,81.083,HARD,21.0
ZHO,23.0,80.792,HARD,22.0
ZHO,24.0,80.347,HARD,23.0
ZHO,25.0,80.763,HARD,24.0
ZHO,26.0,80.869,HARD,25.0
ZHO,27.0,81.293,HARD,26.0
ZHO,28.0,81.516,HARD,27.0
ZHO,29.0,81.338,HARD,28.0
ZHO,30.0,81.044,HARD,29.0
ZHO,31.0,80.806,HARD,30.0
ZHO,32.0,80.782,HARD,31.0
ZHO,33.0,80.677,HARD,32.0
ZHO,34.0,80.736,HARD,33.0
ZHO,35.0,80.372,HARD,34.0
ZHO,36.0,80.986,HARD,35.0
ZHO,37.0,81.449,HARD,36.0
ZHO,38.0,81.09,HARD,37.0
ZHO,39.0,81.233,HARD,38.0
ZHO,40.0,84.969,HARD,39.0
ZHO,41.0,81.127,HARD,40.0
ZHO,42.0,81.957,HARD,41.0
ZHO,43.0,80.578,HARD,42.0
ZHO,44.0,79.61,HARD,43.0
ZHO,45.0,80.686,HARD,44.0
ZHO,46.0,80.146,HARD,45.0
ZHO,47.0,80.075,HARD,46.0
ZHO,48.0,82.481,HARD,47.0
ZHO,49.0,82.134,HARD,48.0
ZHO,50.0,80.946,HARD,49.0
ZHO,51.0,80.962,HARD,50.0
ZHO,52.0,80.97,HARD,51.0
ZHO,53.0,81.375,HARD,52.0
ZHO,54.0,82.153,HARD,53.0
ZHO,55.0,81.399,HARD,54.0
ZHO,56.0,80.315,HARD,55.0
ZHO,57.0,81.119,HARD,56.0
ZHO,58.0,78.795,HARD,57.0
ZHO,59.0,77.936,HARD,58.0
ZHO,60.0,78.545,HARD,59.0
ZHO,61.0,78.707,HARD,60.0
ZHO,62.0,78.817,HARD,61.0
ZHO,63.0,78.789,HARD,62.0
ZHO,64.0,79.295,HARD,63.0
ZHO,65.0,79.719,HARD,64.0
ZHO,66.0,79.749,HARD,65.0
ZHO,67.0,80.357,HARD,66.0
ZHO,68.0,85.217,HARD,67.0
ZHO,69.0,80.484,HARD,68.0
ZHO,70.0,100.898,HARD,69.0
ZHO,71.0,85.295,SOFT,1.0
ZHO,72.0,80.585,SOFT,2.0
ZHO,73.0,75.233,SOFT,3.0
ZHO,74.0,80.473,SOFT,4.0
ZHO,75.0,74.718,SOFT,5.0
ZHO,76.0,77.173,SOFT,6.0
